name,matrix
tariq abdul-wahad,"[[0. 0.]
 [0. 2.]]"
shareef abdur-rahim,"[[ 0.  1.]
 [ 1. 20.]]"
alex abrines,"[[ 0.  0.]
 [ 0. 11.]]"
precious achiuwa,"[[  0.   0.]
 [  0. 154.]]"
alex acker,"[[ 0.  0.]
 [ 0. 69.]]"
quincy acy,"[[ 0.  0.]
 [ 0. 46.]]"
hassan adams,"[[ 0.  0.]
 [ 0. 13.]]"
jaylen adams,"[[ 0.  0.]
 [ 0. 21.]]"
jordan adams,"[[ 0.  1.]
 [ 0. 23.]]"
steven adams,"[[  2.   2.]
 [  2. 169.]]"
bam adebayo,"[[ 13.   7.]
 [ 13. 175.]]"
jeff adrien,"[[ 0.  0.]
 [ 0. 93.]]"
arron afflalo,"[[  6.   0.]
 [ 12. 214.]]"
ochai agbaji,"[[ 0.  0.]
 [ 0. 72.]]"
maurice ager,"[[ 0.  0.]
 [ 0. 21.]]"
blake ahearn,"[[ 0.  0.]
 [ 0. 17.]]"
alexis ajinca,"[[  0.   0.]
 [  0. 104.]]"
josh akognon,"[[0. 0.]
 [0. 1.]]"
solomon alabi,"[[ 0.  0.]
 [ 0. 47.]]"
santi aldama,"[[  0.   0.]
 [  1. 108.]]"
cole aldrich,"[[ 0.  0.]
 [ 1. 39.]]"
lamarcus aldridge,"[[ 8.  5.]
 [ 2. 84.]]"
courtney alexander,"[[ 0.  0.]
 [ 0. 16.]]"
joe alexander,"[[ 0.  0.]
 [ 0. 40.]]"
kyle alexander,"[[0. 0.]
 [0. 2.]]"
ty-shon alexander,"[[0. 0.]
 [0. 7.]]"
nickeil alexander-walker,"[[  1.   2.]
 [  0. 141.]]"
grayson allen,"[[  1.   0.]
 [  1. 138.]]"
jarrett allen,"[[  2.   2.]
 [  7. 150.]]"
kadeem allen,"[[0. 0.]
 [0. 5.]]"
lavoy allen,"[[ 0.  0.]
 [ 1. 43.]]"
malik allen,"[[  3.   0.]
 [  0. 151.]]"
ray allen,"[[ 4.  6.]
 [ 2. 21.]]"
tony allen,"[[ 5.  4.]
 [ 4. 52.]]"
morris almond,"[[ 0.  0.]
 [ 0. 19.]]"
rafer alston,"[[13.  2.]
 [13. 59.]]"
jose alvarado,"[[ 0.  0.]
 [ 0. 80.]]"
john amaechi,"[[0. 0.]
 [0. 5.]]"
al-farouq aminu,"[[  2.   3.]
 [  1. 111.]]"
lou amundson,"[[ 0.  0.]
 [ 0. 96.]]"
chris andersen,"[[  0.   0.]
 [  2. 179.]]"
david andersen,"[[ 0.  1.]
 [ 0. 74.]]"
antonio anderson,"[[0. 0.]
 [0. 1.]]"
derek anderson,"[[0. 0.]
 [0. 7.]]"
james anderson,"[[ 0.  0.]
 [ 0. 14.]]"
justin anderson,"[[ 0.  2.]
 [ 1. 37.]]"
kenny anderson,"[[ 0.  0.]
 [ 0. 17.]]"
kyle anderson,"[[  0.   0.]
 [  3. 210.]]"
ryan anderson,"[[ 8.  5.]
 [ 4. 90.]]"
shandon anderson,"[[ 0.  0.]
 [ 0. 11.]]"
martynas andriuskevicius,"[[0. 0.]
 [0. 2.]]"
giannis antetokounmpo,"[[72. 37.]
 [ 8. 70.]]"
kostas antetokounmpo,"[[ 0.  0.]
 [ 0. 11.]]"
thanasis antetokounmpo,"[[ 0.  0.]
 [ 0. 93.]]"
carmelo anthony,"[[ 74.  48.]
 [ 11. 162.]]"
cole anthony,"[[  4.   2.]
 [  3. 121.]]"
joel anthony,"[[ 0.  0.]
 [ 1. 85.]]"
pero antic,"[[ 0.  0.]
 [ 1. 39.]]"
og anunoby,"[[  1.   2.]
 [  1. 137.]]"
keith appling,"[[0. 0.]
 [0. 2.]]"
rafael araujo,"[[0. 0.]
 [0. 7.]]"
robert archibald,"[[0. 0.]
 [0. 2.]]"
ryan arcidiacono,"[[ 0.  0.]
 [ 0. 73.]]"
gilbert arenas,"[[38.  7.]
 [11. 44.]]"
trevor ariza,"[[ 17.  25.]
 [  2. 131.]]"
brandon armstrong,"[[0. 0.]
 [0. 7.]]"
darrell armstrong,"[[ 0.  0.]
 [ 2. 30.]]"
hilton armstrong,"[[ 0.  0.]
 [ 0. 26.]]"
carlos arroyo,"[[ 0.  1.]
 [ 0. 53.]]"
darrell arthur,"[[ 2.  0.]
 [ 0. 28.]]"
omer ask,"[[ 0.  0.]
 [ 0. 72.]]"
chucky atkins,"[[ 0.  0.]
 [ 2. 64.]]"
stacey augmon,"[[ 0.  0.]
 [ 0. 30.]]"
d.j. augustin,"[[  7.   2.]
 [  3. 169.]]"
james augustine,"[[0. 0.]
 [0. 3.]]"
deni avdija,"[[  0.   1.]
 [  2. 148.]]"
joel ayayi,"[[0. 0.]
 [0. 4.]]"
gustavo ayon,"[[ 0.  0.]
 [ 0. 21.]]"
jeff ayres,"[[ 0.  0.]
 [ 1. 28.]]"
deandre ayton,"[[  2.   1.]
 [  6. 135.]]"
kelenna azubuike,"[[ 10.   0.]
 [  8. 110.]]"
udoka azubuike,"[[ 0.  0.]
 [ 0. 41.]]"
chris babb,"[[0. 0.]
 [0. 3.]]"
luke babbitt,"[[ 0.  0.]
 [ 1. 32.]]"
dwayne bacon,"[[ 1.  1.]
 [ 0. 57.]]"
ibou badji,"[[ 0.  0.]
 [ 0. 10.]]"
dalibor bagaric,"[[0. 0.]
 [0. 4.]]"
marvin bagley iii,"[[ 0.  2.]
 [ 0. 91.]]"
amari bailey,"[[0. 0.]
 [0. 2.]]"
cameron bairstow,"[[0. 0.]
 [0. 5.]]"
ron baker,"[[ 0.  0.]
 [ 0. 13.]]"
vin baker,"[[0. 0.]
 [0. 5.]]"
patrick baldwin jr.,"[[ 0.  0.]
 [ 0. 26.]]"
wade baldwin,"[[0. 0.]
 [0. 6.]]"
renaldo balkman,"[[ 0.  0.]
 [ 1. 68.]]"
lamelo ball,"[[12.  7.]
 [ 2. 76.]]"
lonzo ball,"[[ 4.  2.]
 [ 2. 72.]]"
mo bamba,"[[  1.   0.]
 [  1. 137.]]"
paolo banchero,"[[ 6.  5.]
 [ 6. 56.]]"
desmond bane,"[[11. 14.]
 [ 4. 90.]]"
marcus banks,"[[ 0.  0.]
 [ 0. 39.]]"
dalano banton,"[[ 0.  0.]
 [ 0. 64.]]"
cat barber,"[[0. 0.]
 [0. 3.]]"
leandro barbosa,"[[  5.   9.]
 [  4. 143.]]"
j.j. barea,"[[  1.   5.]
 [  0. 137.]]"
andrea bargnani,"[[ 8.  3.]
 [ 6. 77.]]"
dominick barlow,"[[ 0.  1.]
 [ 0. 31.]]"
harrison barnes,"[[ 10.  10.]
 [ 19. 215.]]"
matt barnes,"[[  3.   2.]
 [  1. 110.]]"
scottie barnes,"[[ 8.  3.]
 [ 5. 95.]]"
andre barrett,"[[0. 0.]
 [0. 2.]]"
rj barrett,"[[ 11.  12.]
 [  7. 138.]]"
earl barron,"[[ 2.  0.]
 [ 0. 18.]]"
brent barry,"[[ 0.  0.]
 [ 5. 58.]]"
jon barry,"[[ 0.  1.]
 [ 2. 23.]]"
will barton,"[[  1.   3.]
 [  4. 122.]]"
eddie basden,"[[0. 0.]
 [0. 3.]]"
brandon bass,"[[ 6.  1.]
 [ 2. 26.]]"
paris bass,"[[0. 0.]
 [0. 2.]]"
charles bassey,"[[ 0.  0.]
 [ 0. 42.]]"
maceo baston,"[[ 0.  0.]
 [ 0. 20.]]"
emoni bates,"[[0. 0.]
 [0. 8.]]"
keita bates-diop,"[[  0.   0.]
 [  1. 130.]]"
esteban batista,"[[0. 0.]
 [0. 4.]]"
tony battie,"[[ 0.  0.]
 [ 1. 30.]]"
shane battier,"[[  5.   5.]
 [  6. 219.]]"
nicolas batum,"[[  6.   8.]
 [  1. 151.]]"
lonny baxter,"[[ 0.  0.]
 [ 0. 12.]]"
jerryd bayless,"[[ 4.  1.]
 [ 1. 55.]]"
aron baynes,"[[ 0.  0.]
 [ 0. 66.]]"
kent bazemore,"[[  2.   3.]
 [  1. 149.]]"
darius bazley,"[[  1.   0.]
 [  2. 111.]]"
bradley beal,"[[39.  4.]
 [12. 76.]]"
malik beasley,"[[  0.   3.]
 [  3. 155.]]"
michael beasley,"[[ 0.  2.]
 [ 2. 18.]]"
marjon beauchamp,"[[0. 0.]
 [0. 2.]]"
marco belinelli,"[[ 0.  0.]
 [ 0. 30.]]"
charlie bell,"[[ 2.  1.]
 [ 4. 97.]]"
jordan bell,"[[ 0.  0.]
 [ 0. 12.]]"
deandre' bembry,"[[ 0.  0.]
 [ 0. 79.]]"
dragan bender,"[[ 0.  0.]
 [ 0. 11.]]"
anthony bennett,"[[ 0.  0.]
 [ 0. 27.]]"
davis bertans,"[[  0.   1.]
 [  0. 121.]]"
patrick beverley,"[[  0.   1.]
 [  0. 129.]]"
saddiq bey,"[[  3.   6.]
 [  8. 142.]]"
andris biedrins,"[[  0.   6.]
 [  2. 170.]]"
chauncey billups,"[[ 43.  22.]
 [ 21. 129.]]"
khem birch,"[[  0.   0.]
 [  0. 103.]]"
goga bitadze,"[[  0.   0.]
 [  0. 116.]]"
bismack biyombo,"[[  0.   2.]
 [  2. 231.]]"
nemanja bjelica,"[[ 2.  1.]
 [ 0. 99.]]"
anthony black,"[[0. 0.]
 [0. 1.]]"
andray blatche,"[[ 1.  0.]
 [ 1. 93.]]"
eric bledsoe,"[[  0.   0.]
 [  1. 101.]]"
corie blount,"[[0. 0.]
 [0. 8.]]"
bogdan bogdanovic,"[[  3.   2.]
 [  7. 134.]]"
bojan bogdanovic,"[[ 10.   7.]
 [  9. 116.]]"
andrew bogut,"[[ 11.   5.]
 [ 17. 142.]]"
bol bol,"[[ 0.  0.]
 [ 0. 71.]]"
isaac bonga,"[[ 0.  0.]
 [ 0. 60.]]"
devin booker,"[[58. 30.]
 [ 9. 66.]]"
calvin booth,"[[ 0.  0.]
 [ 0. 48.]]"
carlos boozer,"[[30. 10.]
 [15. 48.]]"
chris bosh,"[[17. 22.]
 [ 4. 30.]]"
chris boucher,"[[  1.   0.]
 [  1. 170.]]"
james bouknight,"[[0. 0.]
 [0. 5.]]"
jamaree bouyea,"[[0. 0.]
 [0. 6.]]"
bruce bowen,"[[ 3.  0.]
 [ 6. 36.]]"
ky bowman,"[[ 0.  0.]
 [ 0. 13.]]"
avery bradley,"[[ 0.  0.]
 [ 0. 95.]]"
tony bradley,"[[ 0.  0.]
 [ 0. 82.]]"
malaki branham,"[[ 0.  0.]
 [ 0. 26.]]"
christian braun,"[[ 0.  0.]
 [ 0. 42.]]"
ignas brazdeikis,"[[0. 0.]
 [0. 2.]]"
corey brewer,"[[  2.   4.]
 [  3. 180.]]"
mikal bridges,"[[ 13.   7.]
 [  5. 168.]]"
miles bridges,"[[  2.  11.]
 [  3. 121.]]"
oshae brissett,"[[  0.   0.]
 [  1. 107.]]"
malcolm brogdon,"[[  7.   4.]
 [  8. 104.]]"
aaron brooks,"[[ 11.   7.]
 [ 15. 163.]]"
dillon brooks,"[[  8.   2.]
 [  6. 131.]]"
anthony brown,"[[0. 0.]
 [0. 1.]]"
bobby brown,"[[ 0.  0.]
 [ 0. 22.]]"
bruce brown,"[[  2.   0.]
 [  2. 162.]]"
derrick brown,"[[ 0.  0.]
 [ 0. 29.]]"
jaylen brown,"[[ 20.  12.]
 [  5. 116.]]"
kobe brown,"[[0. 0.]
 [0. 1.]]"
moses brown,"[[ 0.  0.]
 [ 0. 71.]]"
sterling brown,"[[ 0.  0.]
 [ 0. 85.]]"
troy brown jr.,"[[  0.   0.]
 [  0. 155.]]"
jalen brunson,"[[ 16.   4.]
 [  9. 147.]]"
nicolas brussino,"[[0. 0.]
 [0. 2.]]"
thomas bryant,"[[ 1.  0.]
 [ 1. 84.]]"
chase budinger,"[[  3.   1.]
 [  2. 195.]]"
reggie bullock,"[[  2.   0.]
 [  1. 136.]]"
trey burke,"[[ 0.  0.]
 [ 0. 71.]]"
alec burks,"[[  4.   1.]
 [  1. 146.]]"
al butler,"[[  0.   0.]
 [  0. 155.]]"
caron butler,"[[ 25.  26.]
 [  7. 175.]]"
jackie butler,"[[ 0.  0.]
 [ 0. 35.]]"
jared butler,"[[ 0.  0.]
 [ 0. 79.]]"
jimmy butler,"[[ 38.  19.]
 [  8. 183.]]"
john butler,"[[ 0.  0.]
 [ 0. 35.]]"
mitchell butler,"[[0. 0.]
 [0. 6.]]"
rasual butler,"[[  2.   2.]
 [  1. 150.]]"
dwight buycks,"[[0. 0.]
 [0. 7.]]"
andrew bynum,"[[ 2.  0.]
 [ 2. 30.]]"
will bynum,"[[  2.   2.]
 [  2. 170.]]"
zarko cabarkapa,"[[0. 0.]
 [0. 9.]]"
bruno caboclo,"[[ 0.  0.]
 [ 0. 20.]]"
kentavious caldwell-pope,"[[  0.   2.]
 [  0. 182.]]"
toumani camara,"[[ 0.  0.]
 [ 0. 15.]]"
facundo campazzo,"[[ 0.  0.]
 [ 1. 73.]]"
vlatko cancar,"[[ 0.  0.]
 [ 0. 59.]]"
devin cannady,"[[0. 0.]
 [0. 3.]]"
clint capela,"[[  0.   1.]
 [  2. 165.]]"
derrick caracter,"[[0. 0.]
 [0. 1.]]"
brian cardinal,"[[  0.   0.]
 [  0. 102.]]"
demarre carroll,"[[ 0.  0.]
 [ 0. 14.]]"
anthony carter,"[[  0.   0.]
 [  0. 148.]]"
jevon carter,"[[  0.   0.]
 [  0. 164.]]"
vince carter,"[[ 0.  0.]
 [ 0. 29.]]"
wendell carter jr.,"[[  0.   0.]
 [  0. 135.]]"
michael carter-williams,"[[ 0.  0.]
 [ 0. 43.]]"
alex caruso,"[[  0.   0.]
 [  0. 146.]]"
willie cauley-stein,"[[ 0.  0.]
 [ 0. 67.]]"
tyson chandler,"[[ 0.  0.]
 [ 0. 14.]]"
wilson chandler,"[[ 0.  0.]
 [ 0. 17.]]"
joe chealey,"[[0. 0.]
 [0. 1.]]"
calbert cheaney,"[[ 0.  0.]
 [ 0. 27.]]"
chris childs,"[[0. 0.]
 [0. 1.]]"
marquese chriss,"[[ 0.  0.]
 [ 1. 53.]]"
max christie,"[[0. 0.]
 [0. 1.]]"
semaj christon,"[[0. 0.]
 [0. 3.]]"
josh christopher,"[[0. 0.]
 [0. 3.]]"
gary clark,"[[ 0.  0.]
 [ 0. 73.]]"
brandon clarke,"[[  1.   1.]
 [  1. 116.]]"
jordan clarkson,"[[  7.   6.]
 [  4. 148.]]"
nic claxton,"[[  0.   0.]
 [  0. 101.]]"
amir coffey,"[[  0.   0.]
 [  2. 120.]]"
bimbo coles,"[[ 0.  0.]
 [ 0. 10.]]"
john collins,"[[  4.   3.]
 [  2. 130.]]"
zach collins,"[[ 0.  0.]
 [ 2. 75.]]"
darren collison,"[[0. 0.]
 [0. 3.]]"
mike conley,"[[  0.   0.]
 [  2. 135.]]"
pat connaughton,"[[  0.   0.]
 [  0. 154.]]"
brian cook,"[[ 0.  0.]
 [ 0. 46.]]"
daequan cook,"[[ 1.  3.]
 [ 6. 40.]]"
quinn cook,"[[ 0.  0.]
 [ 0. 39.]]"
tyler cook,"[[0. 0.]
 [0. 7.]]"
xavier cooks,"[[0. 0.]
 [0. 1.]]"
sharife cooper,"[[0. 0.]
 [0. 1.]]"
chris copeland,"[[ 0.  1.]
 [ 0. 38.]]"
bilal coulibaly,"[[ 0.  0.]
 [ 0. 12.]]"
marcus cousin,"[[ 0.  0.]
 [ 0. 43.]]"
demarcus cousins,"[[ 0.  0.]
 [ 0. 42.]]"
robert covington,"[[  0.   1.]
 [  0. 143.]]"
allen crabbe,"[[ 0.  0.]
 [ 0. 22.]]"
torrey craig,"[[  0.   0.]
 [  1. 156.]]"
austin croshere,"[[ 0.  0.]
 [ 0. 50.]]"
jae crowder,"[[  1.   1.]
 [  0. 121.]]"
jarrett culver,"[[ 0.  0.]
 [ 0. 68.]]"
jarron cumberland,"[[0. 0.]
 [0. 3.]]"
cade cunningham,"[[ 3.  2.]
 [ 1. 16.]]"
seth curry,"[[  0.   0.]
 [  2. 147.]]"
stephen curry,"[[47. 21.]
 [ 6. 51.]]"
antonio daniels,"[[  0.   0.]
 [  0. 108.]]"
dyson daniels,"[[ 0.  0.]
 [ 0. 38.]]"
troy daniels,"[[ 0.  0.]
 [ 0. 30.]]"
brandon davies,"[[0. 0.]
 [0. 1.]]"
anthony davis,"[[ 46.  20.]
 [ 24. 123.]]"
antonio davis,"[[ 0.  0.]
 [ 2. 13.]]"
baron davis,"[[30. 18.]
 [ 6. 73.]]"
dale davis,"[[ 0.  0.]
 [ 0. 28.]]"
deyonta davis,"[[0. 0.]
 [0. 4.]]"
ed davis,"[[ 0.  0.]
 [ 0. 38.]]"
ron davis,"[[  0.   0.]
 [  0. 127.]]"
terence davis,"[[ 1.  2.]
 [ 1. 97.]]"
austin daye,"[[  0.   0.]
 [  1. 128.]]"
andrew declercq,"[[0. 0.]
 [0. 3.]]"
demar derozan,"[[ 45.  22.]
 [  8. 101.]]"
dewayne dedmon,"[[ 0.  0.]
 [ 0. 82.]]"
bryce dejean-jones,"[[0. 0.]
 [0. 6.]]"
malcolm delaney,"[[0. 0.]
 [0. 6.]]"
carlos delfino,"[[  6.   2.]
 [  1. 117.]]"
matthew dellavedova,"[[ 0.  0.]
 [ 0. 51.]]"
donte divincenzo,"[[  0.   0.]
 [  0. 159.]]"
moussa diabate,"[[0. 0.]
 [0. 1.]]"
cheick diallo,"[[ 0.  0.]
 [ 0. 30.]]"
hamidou diallo,"[[  1.   1.]
 [  2. 107.]]"
boris diaw,"[[ 14.   2.]
 [  4. 118.]]"
gradey dick,"[[ 0.  0.]
 [ 0. 12.]]"
gorgui dieng,"[[ 0.  0.]
 [ 0. 87.]]"
ousmane dieng,"[[ 0.  0.]
 [ 0. 10.]]"
spencer dinwiddie,"[[  5.   2.]
 [ 11. 114.]]"
luka doncic,"[[85. 23.]
 [ 6. 46.]]"
tyler dorsey,"[[0. 0.]
 [0. 2.]]"
luguentz dort,"[[  1.   0.]
 [  3. 128.]]"
ayo dosunmu,"[[0. 0.]
 [0. 5.]]"
damyean dotson,"[[ 0.  0.]
 [ 0. 44.]]"
quincy douby,"[[0. 0.]
 [0. 1.]]"
chris douglas-roberts,"[[ 0.  0.]
 [ 1. 46.]]"
sekou doumbouya,"[[0. 0.]
 [0. 5.]]"
pj dozier,"[[ 0.  0.]
 [ 0. 61.]]"
goran dragic,"[[ 0.  0.]
 [ 0. 91.]]"
bryce drew,"[[ 0.  0.]
 [ 0. 11.]]"
andre drummond,"[[  4.   5.]
 [ 11. 178.]]"
chris duarte,"[[ 0.  0.]
 [ 1. 22.]]"
jared dudley,"[[ 0.  0.]
 [ 0. 32.]]"
chris duhon,"[[ 3.  2.]
 [ 2. 62.]]"
kris dunn,"[[ 1.  0.]
 [ 0. 70.]]"
kevin durant,"[[32. 13.]
 [ 7. 43.]]"
jalen duren,"[[0. 0.]
 [0. 5.]]"
tari eason,"[[ 0.  0.]
 [ 0. 36.]]"
jaime echenique,"[[0. 0.]
 [0. 1.]]"
anthony edwards,"[[ 20.   4.]
 [  9. 104.]]"
carsen edwards,"[[0. 0.]
 [0. 1.]]"
john edwards,"[[0. 0.]
 [0. 2.]]"
cj elleby,"[[ 0.  0.]
 [ 0. 81.]]"
henry ellenson,"[[ 0.  0.]
 [ 0. 23.]]"
wayne ellington,"[[  0.   0.]
 [  3. 212.]]"
keon ellis,"[[ 0.  0.]
 [ 0. 69.]]"
laphonso ellis,"[[ 0.  0.]
 [ 0. 41.]]"
monta ellis,"[[ 42.  13.]
 [ 17. 158.]]"
francisco elson,"[[  2.   0.]
 [  0. 134.]]"
melvin ely,"[[  0.   0.]
 [  1. 116.]]"
joel embiid,"[[ 57.  19.]
 [ 11. 108.]]"
kim english,"[[ 0.  0.]
 [ 0. 20.]]"
james ennis iii,"[[ 1.  0.]
 [ 1. 95.]]"
tyler ennis,"[[ 0.  0.]
 [ 0. 20.]]"
semih erden,"[[ 0.  0.]
 [ 0. 13.]]"
evan eschmeyer,"[[0. 0.]
 [0. 2.]]"
drew eubanks,"[[  0.   0.]
 [  0. 183.]]"
jacob evans,"[[0. 0.]
 [0. 2.]]"
daniel ewing,"[[0. 0.]
 [0. 5.]]"
dante exum,"[[ 0.  0.]
 [ 0. 42.]]"
tacko fall,"[[ 0.  0.]
 [ 0. 87.]]"
desmon farmer,"[[0. 0.]
 [0. 2.]]"
vitor luiz faverani,"[[0. 0.]
 [0. 7.]]"
derrick favors,"[[ 0.  0.]
 [ 0. 78.]]"
nick fazekas,"[[0. 0.]
 [0. 8.]]"
kay felder,"[[0. 0.]
 [0. 6.]]"
cristiano felicio,"[[ 0.  0.]
 [ 0. 23.]]"
carrick felix,"[[0. 0.]
 [0. 8.]]"
terrance ferguson,"[[ 0.  0.]
 [ 0. 61.]]"
rudy fernandez,"[[ 0.  1.]
 [ 1. 33.]]"
bruno fernando,"[[  0.   0.]
 [  0. 188.]]"
yogi ferrell,"[[ 0.  0.]
 [ 0. 47.]]"
kyrylo fesenko,"[[  0.   0.]
 [  0. 110.]]"
landry fields,"[[ 0.  0.]
 [ 0. 39.]]"
michael finley,"[[ 2.  0.]
 [ 8. 40.]]"
dorian finney-smith,"[[  0.   0.]
 [  2. 189.]]"
derek fisher,"[[ 1.  0.]
 [ 0. 48.]]"
malik fitts,"[[0. 0.]
 [0. 8.]]"
marcus fizer,"[[0. 0.]
 [0. 5.]]"
jonny flynn,"[[ 2.  2.]
 [ 4. 53.]]"
malachi flynn,"[[ 0.  0.]
 [ 2. 90.]]"
simone fontecchio,"[[ 0.  0.]
 [ 0. 60.]]"
jeff foote,"[[0. 0.]
 [0. 3.]]"
bryn forbes,"[[  0.   0.]
 [  0. 130.]]"
gary forbes,"[[ 0.  1.]
 [ 0. 78.]]"
aleem ford,"[[0. 0.]
 [0. 2.]]"
alton ford,"[[ 0.  0.]
 [ 0. 14.]]"
jordan ford,"[[0. 0.]
 [0. 4.]]"
t.j. ford,"[[ 8.  2.]
 [ 2. 68.]]"
trent forrest,"[[ 0.  0.]
 [ 0. 66.]]"
courtney fortson,"[[0. 0.]
 [0. 1.]]"
danny fortson,"[[0. 0.]
 [0. 4.]]"
jeff foster,"[[ 1.  0.]
 [ 0. 36.]]"
evan fournier,"[[  3.   2.]
 [  2. 101.]]"
de'aaron fox,"[[30. 20.]
 [10. 86.]]"
adonal foyle,"[[ 0.  0.]
 [ 0. 52.]]"
jamaal franklin,"[[0. 0.]
 [0. 1.]]"
robert franks,"[[0. 0.]
 [0. 1.]]"
tim frazier,"[[ 1.  0.]
 [ 0. 25.]]"
enes freedom,"[[ 0.  0.]
 [ 1. 78.]]"
channing frye,"[[ 3.  1.]
 [ 0. 37.]]"
markelle fultz,"[[ 1.  3.]
 [ 1. 90.]]"
wenyen gabriel,"[[ 0.  0.]
 [ 0. 67.]]"
daniel gafford,"[[  0.   0.]
 [  0. 155.]]"
sundiata gaines,"[[0. 0.]
 [0. 7.]]"
danilo gallinari,"[[  2.   3.]
 [  2. 100.]]"
langston galloway,"[[ 0.  0.]
 [ 0. 61.]]"
jorge garbajosa,"[[0. 0.]
 [0. 8.]]"
patricio garino,"[[0. 0.]
 [0. 3.]]"
darius garland,"[[ 16.  12.]
 [  4. 108.]]"
marcus garrett,"[[0. 0.]
 [0. 1.]]"
marc gasol,"[[ 0.  0.]
 [ 0. 46.]]"
rudy gay,"[[  0.   0.]
 [  0. 120.]]"
alonzo gee,"[[ 0.  2.]
 [ 0. 42.]]"
keyonte george,"[[ 0.  0.]
 [ 0. 19.]]"
paul george,"[[24. 13.]
 [11. 75.]]"
jonathan gibson,"[[1. 0.]
 [0. 5.]]"
taj gibson,"[[  0.   0.]
 [  0. 110.]]"
josh giddey,"[[ 0.  0.]
 [ 0. 31.]]"
harry giles,"[[ 0.  0.]
 [ 0. 57.]]"
shai gilgeous-alexander,"[[55. 16.]
 [10. 69.]]"
anthony gill,"[[ 0.  0.]
 [ 0. 87.]]"
eddie gill,"[[ 0.  0.]
 [ 0. 15.]]"
collin gillespie,"[[0. 0.]
 [0. 1.]]"
freddie gillespie,"[[ 0.  0.]
 [ 0. 15.]]"
mickell gladness,"[[0. 0.]
 [0. 1.]]"
rudy gobert,"[[  4.   0.]
 [ 12. 147.]]"
anthony goldwire,"[[0. 0.]
 [0. 7.]]"
archie goodwin,"[[ 0.  0.]
 [ 0. 11.]]"
brandon goodwin,"[[ 0.  1.]
 [ 0. 57.]]"
jordan goodwin,"[[ 0.  0.]
 [ 0. 21.]]"
aaron gordon,"[[  6.   4.]
 [  6. 166.]]"
ben gordon,"[[ 17.  18.]
 [  1. 122.]]"
eric gordon,"[[  2.   1.]
 [  1. 109.]]"
devonte' graham,"[[  6.   5.]
 [  1. 137.]]"
treveon graham,"[[ 0.  0.]
 [ 0. 26.]]"
brian grant,"[[ 0.  0.]
 [ 5. 43.]]"
jerian grant,"[[0. 0.]
 [0. 3.]]"
hassani gravett,"[[0. 0.]
 [0. 3.]]"
aaron gray,"[[ 0.  0.]
 [ 1. 51.]]"
raiquan gray,"[[0. 0.]
 [0. 1.]]"
danny green,"[[  0.   2.]
 [  0. 120.]]"
draymond green,"[[  0.   0.]
 [  1. 121.]]"
jalen green,"[[ 3.  1.]
 [ 4. 53.]]"
jamychal green,"[[  0.   0.]
 [  0. 125.]]"
javonte green,"[[ 0.  0.]
 [ 0. 94.]]"
jeff green,"[[  0.   0.]
 [  2. 142.]]"
josh green,"[[  1.   0.]
 [  0. 105.]]"
adrian griffin,"[[ 0.  0.]
 [ 0. 32.]]"
blake griffin,"[[ 8.  2.]
 [ 1. 89.]]"
quentin grimes,"[[ 2.  0.]
 [ 0. 88.]]"
marko guduric,"[[ 0.  0.]
 [ 0. 16.]]"
kyle guy,"[[0. 0.]
 [0. 5.]]"
a.j. guyton,"[[0. 0.]
 [0. 1.]]"
rui hachimura,"[[  1.   2.]
 [  2. 126.]]"
p.j. hairston,"[[0. 0.]
 [0. 6.]]"
tyrese haliburton,"[[16.  7.]
 [ 8. 83.]]"
anfernee hardaway,"[[ 0.  0.]
 [ 0. 30.]]"
tim hardaway,"[[  0.   0.]
 [  0. 162.]]"
tim hardaway jr.,"[[  0.   0.]
 [  0. 162.]]"
james harden,"[[35. 10.]
 [10. 85.]]"
maurice harkless,"[[ 0.  0.]
 [ 1. 77.]]"
jared harper,"[[0. 0.]
 [0. 1.]]"
montrezl harrell,"[[  1.   1.]
 [  1. 131.]]"
josh harrellson,"[[0. 0.]
 [0. 5.]]"
al harrington,"[[  6.   5.]
 [  4. 184.]]"
gary harris,"[[  1.   0.]
 [  1. 132.]]"
joe harris,"[[  0.   0.]
 [  2. 111.]]"
terrel harris,"[[0. 0.]
 [0. 1.]]"
tobias harris,"[[ 10.  12.]
 [  5. 145.]]"
andrew harrison,"[[0. 0.]
 [1. 9.]]"
shaquille harrison,"[[ 0.  0.]
 [ 1. 39.]]"
josh hart,"[[  1.   0.]
 [  2. 148.]]"
isaiah hartenstein,"[[  0.   1.]
 [  0. 141.]]"
udonis haslem,"[[ 0.  0.]
 [ 0. 14.]]"
kirk haston,"[[0. 0.]
 [0. 2.]]"
sam hauser,"[[ 0.  0.]
 [ 0. 80.]]"
jordan hawkins,"[[ 0.  0.]
 [ 0. 18.]]"
chuck hayes,"[[  0.   0.]
 [  0. 218.]]"
jaxson hayes,"[[  0.   0.]
 [  0. 156.]]"
killian hayes,"[[  1.   0.]
 [  0. 111.]]"
gordon hayward,"[[  5.   4.]
 [  4. 103.]]"
brendan haywood,"[[  0.   0.]
 [  4. 167.]]"
alan henderson,"[[0. 0.]
 [0. 8.]]"
gerald henderson,"[[  5.   4.]
 [  3. 105.]]"
scoot henderson,"[[ 0.  0.]
 [ 1. 37.]]"
taylor hendricks,"[[ 0.  0.]
 [ 0. 36.]]"
aaron henry,"[[ 0.  0.]
 [ 0. 22.]]"
xavier henry,"[[ 0.  0.]
 [ 0. 79.]]"
john henson,"[[ 0.  0.]
 [ 1. 72.]]"
dewan hernandez,"[[ 0.  0.]
 [ 0. 36.]]"
juancho hernangomez,"[[  0.   1.]
 [  0. 137.]]"
willy hernangomez,"[[  0.   1.]
 [  0. 172.]]"
walter herrmann,"[[ 0.  0.]
 [ 0. 70.]]"
tyler herro,"[[ 14.   5.]
 [  5. 184.]]"
kevin hervey,"[[ 0.  0.]
 [ 0. 23.]]"
mario hezonja,"[[ 1.  0.]
 [ 0. 65.]]"
roy hibbert,"[[12.  3.]
 [11. 89.]]"
j.j. hickson,"[[ 0.  0.]
 [ 1. 14.]]"
buddy hield,"[[ 10.   3.]
 [  4. 174.]]"
haywood highsmith,"[[ 0.  0.]
 [ 0. 67.]]"
george hill,"[[ 0.  0.]
 [ 0. 86.]]"
solomon hill,"[[ 0.  0.]
 [ 0. 77.]]"
robert hite,"[[0. 0.]
 [0. 2.]]"
jaylen hoard,"[[0. 0.]
 [0. 5.]]"
randy holcomb,"[[0. 0.]
 [0. 2.]]"
aaron holiday,"[[  0.   0.]
 [  0. 156.]]"
jrue holiday,"[[  7.   1.]
 [ 13. 136.]]"
justin holiday,"[[  0.   0.]
 [  0. 151.]]"
rondae hollis-jefferson,"[[ 0.  0.]
 [ 0. 36.]]"
richaun holmes,"[[ 0.  1.]
 [ 2. 97.]]"
chet holmgren,"[[ 0.  1.]
 [ 0. 39.]]"
rodney hood,"[[ 0.  0.]
 [ 0. 67.]]"
al horford,"[[ 18.   8.]
 [  4. 177.]]"
talen horton-tucker,"[[  3.   0.]
 [  0. 114.]]"
danuel house jr.,"[[  0.   0.]
 [  0. 103.]]"
caleb houstan,"[[ 1.  0.]
 [ 0. 57.]]"
allan houston,"[[2. 3.]
 [0. 6.]]"
dwight howard,"[[  0.   0.]
 [  0. 105.]]"
jett howard,"[[ 0.  0.]
 [ 0. 10.]]"
markus howard,"[[ 0.  0.]
 [ 0. 35.]]"
trevor hudgins,"[[0. 0.]
 [0. 2.]]"
marcelo huertas,"[[0. 0.]
 [0. 2.]]"
kevin huerter,"[[  1.   2.]
 [  4. 155.]]"
josh huestis,"[[0. 0.]
 [0. 1.]]"
jay huff,"[[ 0.  0.]
 [ 0. 12.]]"
elijah hughes,"[[ 0.  0.]
 [ 0. 26.]]"
robbie hummel,"[[ 0.  0.]
 [ 0. 37.]]"
ryan humphrey,"[[0. 0.]
 [0. 1.]]"
de'andre hunter,"[[  0.   0.]
 [  1. 109.]]"
chandler hutchison,"[[ 0.  0.]
 [ 0. 25.]]"
bones hyland,"[[ 0.  1.]
 [ 1. 72.]]"
serge ibaka,"[[ 0.  0.]
 [ 1. 86.]]"
andre iguodala,"[[  4.   3.]
 [ 11. 120.]]"
ersan ilyasova,"[[ 0.  0.]
 [ 1. 34.]]"
joe ingles,"[[  0.   1.]
 [  1. 132.]]"
damien inglis,"[[0. 0.]
 [0. 1.]]"
brandon ingram,"[[36. 12.]
 [11. 86.]]"
kyrie irving,"[[21.  7.]
 [ 9. 52.]]"
jonathan isaac,"[[ 0.  1.]
 [ 0. 40.]]"
allen iverson,"[[26.  3.]
 [ 7. 23.]]"
jaden ivey,"[[0. 0.]
 [0. 4.]]"
wes iwundu,"[[ 0.  0.]
 [ 0. 59.]]"
bobby jackson,"[[ 0.  0.]
 [ 0. 29.]]"
frank jackson,"[[ 1.  0.]
 [ 0. 71.]]"
isaiah jackson,"[[ 0.  0.]
 [ 1. 71.]]"
jaren jackson,"[[  0.   0.]
 [  0. 136.]]"
jaren jackson jr.,"[[  0.   0.]
 [  0. 136.]]"
josh jackson,"[[ 1.  0.]
 [ 2. 65.]]"
justin jackson,"[[ 0.  0.]
 [ 0. 74.]]"
pierre jackson,"[[0. 0.]
 [0. 1.]]"
quenton jackson,"[[0. 0.]
 [0. 2.]]"
reggie jackson,"[[  5.   1.]
 [  3. 154.]]"
casey jacobsen,"[[ 0.  0.]
 [ 0. 46.]]"
lebron james,"[[51. 40.]
 [ 4. 52.]]"
mike james,"[[0. 0.]
 [0. 5.]]"
antawn jamison,"[[11. 13.]
 [13. 90.]]"
jaime jaquez jr.,"[[ 0.  2.]
 [ 1. 30.]]"
sarunas jasikevicius,"[[0. 1.]
 [1. 2.]]"
al jefferson,"[[27. 13.]
 [ 7. 98.]]"
brandon jennings,"[[17.  6.]
 [12. 62.]]"
ty jerome,"[[ 0.  0.]
 [ 1. 86.]]"
isaiah joe,"[[  0.   0.]
 [  1. 117.]]"
alexander johnson,"[[0. 0.]
 [0. 2.]]"
amir johnson,"[[  3.   1.]
 [  2. 134.]]"
anthony johnson,"[[ 0.  0.]
 [ 0. 49.]]"
avery johnson,"[[0. 0.]
 [0. 5.]]"
cameron johnson,"[[  1.   0.]
 [  2. 141.]]"
chris johnson,"[[ 0.  0.]
 [ 0. 10.]]"
jalen johnson,"[[ 0.  1.]
 [ 0. 71.]]"
james johnson,"[[ 0.  0.]
 [ 1. 90.]]"
joe johnson,"[[0. 0.]
 [0. 1.]]"
keldon johnson,"[[  2.   4.]
 [  7. 134.]]"
ron johnson,"[[  0.   0.]
 [  0. 144.]]"
stanley johnson,"[[ 0.  0.]
 [ 0. 76.]]"
tyler johnson,"[[ 0.  0.]
 [ 0. 44.]]"
nikola jokic,"[[58. 19.]
 [17. 84.]]"
carlik jones,"[[0. 0.]
 [0. 1.]]"
dahntay jones,"[[ 0.  1.]
 [ 1. 99.]]"
damian jones,"[[  0.   0.]
 [  0. 117.]]"
damon jones,"[[ 0.  0.]
 [ 0. 22.]]"
derrick jones jr.,"[[  0.   0.]
 [  0. 146.]]"
dominique jones,"[[ 0.  0.]
 [ 0. 11.]]"
herbert jones,"[[  0.   0.]
 [  2. 107.]]"
kai jones,"[[0. 0.]
 [0. 1.]]"
mason jones,"[[0. 0.]
 [0. 1.]]"
perry jones,"[[0. 0.]
 [0. 2.]]"
tre jones,"[[  0.   1.]
 [  1. 121.]]"
tyus jones,"[[  1.   0.]
 [  0. 179.]]"
deandre jordan,"[[  0.   0.]
 [  0. 119.]]"
cory joseph,"[[  0.   2.]
 [  0. 183.]]"
georgios kalaitzakis,"[[0. 0.]
 [0. 1.]]"
chris kaman,"[[ 4.  2.]
 [ 1. 49.]]"
frank kaminsky,"[[ 1.  0.]
 [ 0. 59.]]"
luke kennard,"[[  2.   1.]
 [  2. 118.]]"
walker kessler,"[[0. 0.]
 [0. 3.]]"
michael kidd-gilchrist,"[[ 0.  0.]
 [ 0. 11.]]"
andrei kirilenko,"[[ 9.  7.]
 [ 9. 78.]]"
corey kispert,"[[  0.   1.]
 [  1. 111.]]"
maxi kleber,"[[  0.   0.]
 [  0. 128.]]"
brandon knight,"[[15.  5.]
 [ 7. 81.]]"
brevin knight,"[[ 2.  0.]
 [ 1. 58.]]"
nathan knight,"[[ 0.  0.]
 [ 0. 51.]]"
travis knight,"[[0. 0.]
 [0. 6.]]"
kevin knox,"[[  0.   1.]
 [  0. 120.]]"
christian koloko,"[[ 0.  0.]
 [ 0. 26.]]"
john konchar,"[[  0.   0.]
 [  0. 122.]]"
furkan korkmaz,"[[  1.   0.]
 [  0. 138.]]"
luke kornet,"[[ 0.  0.]
 [ 0. 87.]]"
yaroslav korolev,"[[0. 0.]
 [0. 5.]]"
kyle korver,"[[  7.   6.]
 [  9. 192.]]"
kosta koufos,"[[  0.   1.]
 [  2. 133.]]"
viacheslav kravtsov,"[[0. 0.]
 [0. 9.]]"
vit krejci,"[[ 0.  0.]
 [ 0. 27.]]"
nenad krstic,"[[ 0.  0.]
 [ 4. 18.]]"
toni kukoc,"[[ 1.  0.]
 [ 0. 26.]]"
arnoldas kulboka,"[[ 0.  0.]
 [ 0. 42.]]"
jonathan kuminga,"[[  0.   0.]
 [  0. 117.]]"
rodions kurucs,"[[ 0.  0.]
 [ 0. 71.]]"
rob kurz,"[[ 0.  0.]
 [ 0. 66.]]"
kyle kuzma,"[[  8.   1.]
 [  5. 164.]]"
ognjen kuzmic,"[[ 0.  0.]
 [ 0. 14.]]"
mindaugas kuzminskas,"[[ 0.  0.]
 [ 0. 13.]]"
raef lafrentz,"[[0. 0.]
 [0. 8.]]"
jake laravia,"[[ 0.  0.]
 [ 0. 21.]]"
zach lavine,"[[ 23.  15.]
 [  4. 127.]]"
skal labissiere,"[[ 0.  0.]
 [ 0. 27.]]"
christian laettner,"[[ 0.  2.]
 [ 1. 12.]]"
anthony lamb,"[[ 0.  0.]
 [ 0. 64.]]"
doron lamb,"[[0. 0.]
 [0. 9.]]"
jeremy lamb,"[[  2.   0.]
 [  1. 101.]]"
maciej lampe,"[[0. 0.]
 [0. 7.]]"
sean lampley,"[[ 0.  0.]
 [ 0. 33.]]"
jock landale,"[[  0.   0.]
 [  0. 118.]]"
carl landry,"[[  1.   1.]
 [  4. 133.]]"
marcus landry,"[[ 0.  0.]
 [ 0. 15.]]"
james lang,"[[ 0.  0.]
 [ 0. 41.]]"
romeo langford,"[[  0.   0.]
 [  0. 151.]]"
dan langhi,"[[ 0.  0.]
 [ 0. 30.]]"
nicolas laprovittola,"[[0. 0.]
 [0. 7.]]"
shane larkin,"[[ 0.  1.]
 [ 1. 32.]]"
stephane lasme,"[[ 0.  0.]
 [ 0. 21.]]"
joffrey lauvergne,"[[ 0.  0.]
 [ 1. 16.]]"
acie law,"[[ 0.  0.]
 [ 0. 44.]]"
vic law,"[[0. 0.]
 [0. 5.]]"
a.j. lawson,"[[ 0.  0.]
 [ 0. 20.]]"
ty lawson,"[[ 19.  11.]
 [  9. 132.]]"
jake layman,"[[ 0.  0.]
 [ 0. 41.]]"
caris levert,"[[  8.   6.]
 [  6. 131.]]"
t.j. leaf,"[[ 0.  0.]
 [ 0. 12.]]"
jalen lecque,"[[0. 0.]
 [0. 4.]]"
ricky ledo,"[[0. 0.]
 [0. 5.]]"
courtney lee,"[[  2.   3.]
 [  4. 162.]]"
damion lee,"[[  1.   0.]
 [  1. 124.]]"
david lee,"[[15.  7.]
 [ 4. 71.]]"
malcolm lee,"[[0. 0.]
 [0. 8.]]"
saben lee,"[[ 0.  0.]
 [ 0. 63.]]"
alex len,"[[  0.   0.]
 [  0. 117.]]"
voshon lenard,"[[ 0.  1.]
 [ 0. 19.]]"
kawhi leonard,"[[55. 11.]
 [14. 90.]]"
meyers leonard,"[[ 0.  0.]
 [ 0. 37.]]"
travis leslie,"[[0. 0.]
 [0. 5.]]"
jon leuer,"[[ 0.  0.]
 [ 0. 36.]]"
kira lewis jr.,"[[ 0.  0.]
 [ 0. 66.]]"
maxwell lewis,"[[ 0.  0.]
 [ 0. 10.]]"
rashard lewis,"[[14.  2.]
 [ 7. 33.]]"
scottie lewis,"[[0. 0.]
 [0. 1.]]"
e.j. liddell,"[[0. 0.]
 [0. 8.]]"
deandre liggins,"[[ 0.  0.]
 [ 0. 10.]]"
damian lillard,"[[50. 14.]
 [ 9. 74.]]"
jeremy lin,"[[ 8.  2.]
 [ 2. 51.]]"
nassir little,"[[  0.   2.]
 [  0. 115.]]"
dereck lively ii,"[[ 0.  0.]
 [ 0. 22.]]"
isaiah livers,"[[ 1.  0.]
 [ 0. 48.]]"
chris livingston,"[[0. 0.]
 [0. 8.]]"
shaun livingston,"[[ 0.  1.]
 [ 4. 99.]]"
kenneth lofton jr.,"[[ 0.  0.]
 [ 0. 19.]]"
art long,"[[0. 0.]
 [0. 2.]]"
grant long,"[[0. 0.]
 [0. 3.]]"
shawn long,"[[0. 0.]
 [0. 3.]]"
kevon looney,"[[  0.   0.]
 [  1. 168.]]"
brook lopez,"[[ 11.   3.]
 [  2. 164.]]"
robin lopez,"[[  1.   1.]
 [  1. 188.]]"
didi louzada,"[[0. 0.]
 [0. 4.]]"
kevin love,"[[ 44.  26.]
 [  3. 189.]]"
kyle lowry,"[[ 17.  11.]
 [ 19. 299.]]"
john lucas,"[[ 0.  0.]
 [ 0. 48.]]"
john lucas iii,"[[ 0.  0.]
 [ 1. 47.]]"
tyronn lue,"[[ 0.  0.]
 [ 0. 46.]]"
gabriel lundberg,"[[0. 0.]
 [0. 2.]]"
seth lundy,"[[0. 0.]
 [0. 7.]]"
timothe luwawu-cabarrot,"[[ 1.  1.]
 [ 1. 78.]]"
trey lyles,"[[  0.   0.]
 [  1. 143.]]"
george lynch,"[[ 0.  0.]
 [ 0. 36.]]"
sheldon mac,"[[0. 0.]
 [0. 2.]]"
todd macculloch,"[[0. 0.]
 [0. 4.]]"
shelvin mack,"[[ 0.  0.]
 [ 3. 59.]]"
vernon macklin,"[[ 0.  0.]
 [ 0. 26.]]"
daryl macon,"[[0. 0.]
 [0. 3.]]"
j.p. macura,"[[0. 0.]
 [0. 1.]]"
mark madsen,"[[0. 0.]
 [0. 9.]]"
josh magette,"[[0. 0.]
 [0. 5.]]"
corey maggette,"[[17.  9.]
 [ 9. 86.]]"
jamaal magloire,"[[  0.   3.]
 [  1. 107.]]"
will magnay,"[[0. 0.]
 [0. 1.]]"
ian mahinmi,"[[  0.   0.]
 [  2. 121.]]"
thon maker,"[[ 0.  0.]
 [ 0. 38.]]"
theo maledon,"[[ 0.  0.]
 [ 1. 84.]]"
karl malone,"[[3. 0.]
 [0. 5.]]"
matt maloney,"[[0. 0.]
 [0. 1.]]"
sandro mamukelashvili,"[[ 0.  0.]
 [ 0. 59.]]"
karim mane,"[[0. 0.]
 [0. 5.]]"
terance mann,"[[  1.   1.]
 [  2. 165.]]"
tre mann,"[[ 0.  0.]
 [ 0. 70.]]"
danny manning,"[[0. 0.]
 [0. 4.]]"
nico mannion,"[[ 0.  0.]
 [ 0. 13.]]"
devyn marble,"[[0. 0.]
 [0. 6.]]"
stephon marbury,"[[ 6.  2.]
 [15. 27.]]"
shawn marion,"[[ 13.  18.]
 [ 15. 109.]]"
boban marjanovic,"[[  1.   0.]
 [  0. 100.]]"
lauri markkanen,"[[ 12.   5.]
 [  6. 119.]]"
damir markota,"[[0. 0.]
 [0. 3.]]"
sean marks,"[[ 0.  0.]
 [ 0. 36.]]"
donny marshall,"[[0. 0.]
 [0. 2.]]"
donyell marshall,"[[ 1.  1.]
 [ 0. 15.]]"
kendall marshall,"[[ 0.  0.]
 [ 0. 13.]]"
naji marshall,"[[  0.   1.]
 [  0. 111.]]"
rawle marshall,"[[0. 0.]
 [0. 6.]]"
caleb martin,"[[  0.   0.]
 [  1. 126.]]"
cartier martin,"[[ 0.  0.]
 [ 0. 40.]]"
cody martin,"[[  0.   0.]
 [  0. 101.]]"
darrick martin,"[[ 0.  0.]
 [ 0. 15.]]"
jarell martin,"[[ 0.  0.]
 [ 0. 11.]]"
jeremiah martin,"[[0. 0.]
 [0. 8.]]"
kelan martin,"[[ 0.  0.]
 [ 0. 42.]]"
kenyon martin,"[[  2.   2.]
 [  9. 137.]]"
kevin martin,"[[ 39.  17.]
 [ 11. 110.]]"
kj martin,"[[  0.   0.]
 [  0. 111.]]"
tyrese martin,"[[0. 0.]
 [0. 7.]]"
jamal mashburn,"[[ 9.  1.]
 [ 2. 18.]]"
desmond mason,"[[ 0.  4.]
 [ 0. 14.]]"
frank mason iii,"[[0. 0.]
 [0. 4.]]"
roger mason,"[[  1.   1.]
 [  2. 142.]]"
tony massenburg,"[[0. 0.]
 [0. 6.]]"
garrison mathews,"[[  0.   0.]
 [  0. 128.]]"
dakota mathias,"[[0. 0.]
 [0. 9.]]"
bennedict mathurin,"[[ 1.  1.]
 [ 1. 65.]]"
wesley matthews,"[[  2.   3.]
 [  3. 176.]]"
tyrese maxey,"[[  7.   5.]
 [  7. 108.]]"
jason maxiell,"[[  2.   0.]
 [  3. 216.]]"
sean may,"[[ 0.  1.]
 [ 0. 16.]]"
eric maynor,"[[ 0.  0.]
 [ 0. 25.]]"
o.j. mayo,"[[ 3.  0.]
 [ 5. 49.]]"
skylar mays,"[[ 0.  0.]
 [ 0. 58.]]"
luc mbah a moute,"[[  1.   1.]
 [  0. 136.]]"
james michael mcadoo,"[[ 0.  0.]
 [ 0. 31.]]"
miles mcbride,"[[ 0.  0.]
 [ 1. 73.]]"
ray mccallum,"[[ 0.  0.]
 [ 0. 17.]]"
rashad mccants,"[[ 0.  0.]
 [ 0. 25.]]"
walter mccarty,"[[ 0.  0.]
 [ 0. 14.]]"
amal mccaskill,"[[0. 0.]
 [0. 4.]]"
patrick mccaw,"[[ 0.  0.]
 [ 0. 30.]]"
cj mccollum,"[[ 15.   7.]
 [  9. 118.]]"
jaden mcdaniels,"[[  0.   1.]
 [  0. 125.]]"
jalen mcdaniels,"[[  0.   0.]
 [  0. 115.]]"
k.j. mcdaniels,"[[0. 0.]
 [0. 2.]]"
doug mcdermott,"[[  0.   1.]
 [  0. 155.]]"
antonio mcdyess,"[[ 3.  0.]
 [ 5. 95.]]"
javale mcgee,"[[  0.   0.]
 [  2. 145.]]"
bryce mcgowens,"[[0. 0.]
 [0. 1.]]"
cameron mcgriff,"[[0. 0.]
 [0. 3.]]"
rodney mcgruder,"[[ 0.  0.]
 [ 0. 82.]]"
aaron mckie,"[[0. 0.]
 [0. 8.]]"
alfonzo mckinnie,"[[ 0.  0.]
 [ 0. 45.]]"
jordan mclaughlin,"[[  0.   0.]
 [  0. 104.]]"
ben mclemore,"[[  1.   0.]
 [  1. 107.]]"
jordan mcrae,"[[ 1.  1.]
 [ 0. 20.]]"
gal mekel,"[[0. 0.]
 [0. 2.]]"
nicolo melli,"[[0. 0.]
 [0. 4.]]"
de'anthony melton,"[[  0.   1.]
 [  3. 150.]]"
chimezie metu,"[[  0.   0.]
 [  0. 117.]]"
khris middleton,"[[  5.   6.]
 [  5. 130.]]"
aaron miles,"[[ 0.  0.]
 [ 0. 14.]]"
andre miller,"[[ 2.  0.]
 [ 6. 73.]]"
anthony miller,"[[0. 0.]
 [0. 1.]]"
brad miller,"[[ 2.  1.]
 [ 6. 80.]]"
brandon miller,"[[ 0.  0.]
 [ 0. 28.]]"
darius miller,"[[ 0.  0.]
 [ 0. 11.]]"
jordan miller,"[[0. 0.]
 [0. 2.]]"
leonard miller,"[[0. 0.]
 [0. 4.]]"
malcolm miller,"[[ 0.  0.]
 [ 0. 14.]]"
quincy miller,"[[0. 0.]
 [0. 9.]]"
dariq whitehead,"[[0. 0.]
 [0. 2.]]"
chris mills,"[[0. 0.]
 [0. 3.]]"
patty mills,"[[  0.   1.]
 [  2. 143.]]"
paul millsap,"[[ 0.  0.]
 [ 0. 74.]]"
shake milton,"[[  0.   2.]
 [  0. 145.]]"
justin minaya,"[[ 0.  0.]
 [ 0. 13.]]"
josh minott,"[[ 0.  0.]
 [ 0. 19.]]"
davion mitchell,"[[ 1.  0.]
 [ 1. 98.]]"
donovan mitchell,"[[52. 18.]
 [ 9. 75.]]"
tony mitchell,"[[0. 0.]
 [0. 2.]]"
naz mitrou-long,"[[0. 0.]
 [0. 3.]]"
cuttino mobley,"[[ 1.  0.]
 [ 1. 24.]]"
evan mobley,"[[ 2.  1.]
 [ 4. 92.]]"
isaiah mobley,"[[0. 0.]
 [0. 8.]]"
adam mokoka,"[[ 0.  0.]
 [ 0. 12.]]"
chima moneke,"[[0. 0.]
 [0. 1.]]"
malik monk,"[[  1.   1.]
 [  1. 157.]]"
greg monroe,"[[0. 0.]
 [0. 6.]]"
moses moody,"[[ 0.  0.]
 [ 0. 86.]]"
xavier moon,"[[0. 0.]
 [0. 7.]]"
matt mooney,"[[0. 0.]
 [0. 4.]]"
e'twaun moore,"[[ 0.  0.]
 [ 0. 43.]]"
wendell moore jr.,"[[ 0.  0.]
 [ 0. 21.]]"
ja morant,"[[31. 15.]
 [ 5. 73.]]"
juwan morgan,"[[ 0.  0.]
 [ 0. 25.]]"
marcus morris,"[[  3.   0.]
 [  3. 134.]]"
markieff morris,"[[  0.   0.]
 [  0. 101.]]"
monte morris,"[[  0.   0.]
 [  1. 136.]]"
adam morrison,"[[ 4.  0.]
 [ 0. 19.]]"
anthony morrow,"[[  2.   1.]
 [  1. 116.]]"
alonzo mourning,"[[0. 0.]
 [0. 6.]]"
emmanuel mudiay,"[[ 0.  0.]
 [ 0. 27.]]"
mychal mulder,"[[ 0.  0.]
 [ 1. 11.]]"
byron mullens,"[[ 1.  0.]
 [ 1. 32.]]"
ade murkey,"[[0. 0.]
 [0. 1.]]"
trey murphy iii,"[[ 4.  0.]
 [ 1. 81.]]"
dejounte murray,"[[ 12.   8.]
 [  9. 139.]]"
jamal murray,"[[ 8.  6.]
 [ 5. 85.]]"
keegan murray,"[[0. 0.]
 [1. 8.]]"
kris murray,"[[0. 0.]
 [0. 1.]]"
mike muscala,"[[  0.   0.]
 [  0. 116.]]"
svi mykhailiuk,"[[  0.   1.]
 [  1. 121.]]"
bostjan nachbar,"[[ 0.  0.]
 [ 0. 15.]]"
abdel nader,"[[ 0.  0.]
 [ 0. 43.]]"
larry nance,"[[  0.   0.]
 [  0. 125.]]"
larry nance jr.,"[[  0.   0.]
 [  0. 125.]]"
shabazz napier,"[[ 0.  1.]
 [ 1. 25.]]"
juan carlos navarro,"[[0. 0.]
 [0. 6.]]"
nemanja nedovic,"[[0. 0.]
 [0. 1.]]"
demarcus nelson,"[[0. 0.]
 [0. 7.]]"
andrew nembhard,"[[0. 0.]
 [0. 9.]]"
aaron nesmith,"[[  0.   0.]
 [  0. 109.]]"
raul neto,"[[  0.   0.]
 [  0. 126.]]"
malik newman,"[[0. 0.]
 [0. 1.]]"
georges niang,"[[  0.   1.]
 [  0. 182.]]"
andrew nicholson,"[[ 0.  0.]
 [ 1. 14.]]"
zeke nnaji,"[[ 0.  0.]
 [ 0. 94.]]"
joakim noah,"[[0. 0.]
 [0. 4.]]"
andres nocioni,"[[ 5.  0.]
 [ 2. 51.]]"
nerlens noel,"[[ 0.  0.]
 [ 0. 82.]]"
jaylen nowell,"[[ 1.  0.]
 [ 1. 86.]]"
frank ntilikina,"[[  0.   0.]
 [  0. 102.]]"
kendrick nunn,"[[ 4.  1.]
 [ 5. 92.]]"
jusuf nurkic,"[[  1.   1.]
 [  0. 105.]]"
david nwaba,"[[ 0.  0.]
 [ 0. 44.]]"
jordan nwora,"[[ 0.  0.]
 [ 0. 87.]]"
royce o'neale,"[[  0.   0.]
 [  0. 167.]]"
kyle o'quinn,"[[ 0.  0.]
 [ 0. 13.]]"
charles oakley,"[[0. 0.]
 [0. 7.]]"
semi ojeleye,"[[ 0.  0.]
 [ 0. 75.]]"
jahlil okafor,"[[ 0.  0.]
 [ 2. 25.]]"
chuma okeke,"[[  0.   1.]
 [  1. 101.]]"
elie okobo,"[[0. 0.]
 [0. 1.]]"
josh okogie,"[[  0.   0.]
 [  0. 139.]]"
onyeka okongwu,"[[  0.   0.]
 [  0. 113.]]"
isaac okoro,"[[  0.   0.]
 [  1. 138.]]"
victor oladipo,"[[ 0.  0.]
 [ 1. 56.]]"
cameron oliver,"[[0. 0.]
 [0. 2.]]"
dean oliver,"[[0. 0.]
 [0. 1.]]"
kelly olynyk,"[[  0.   0.]
 [  1. 163.]]"
eugene omoruyi,"[[0. 0.]
 [0. 1.]]"
cedi osman,"[[  1.   0.]
 [  0. 172.]]"
daniel oturu,"[[0. 0.]
 [0. 1.]]"
kelly oubre jr.,"[[  0.   0.]
 [  0. 135.]]"
bo outlaw,"[[ 0.  0.]
 [ 0. 35.]]"
larry owens,"[[0. 0.]
 [0. 1.]]"
trayvon palmer,"[[0. 0.]
 [0. 1.]]"
kostas papanikolaou,"[[0. 0.]
 [0. 1.]]"
anthony parker,"[[ 0.  0.]
 [ 3. 50.]]"
jabari parker,"[[ 0.  0.]
 [ 0. 32.]]"
cherokee parks,"[[0. 0.]
 [0. 3.]]"
chandler parsons,"[[ 4.  7.]
 [ 2. 43.]]"
eric paschall,"[[ 0.  1.]
 [ 0. 78.]]"
anzejs pasecniks,"[[0. 0.]
 [0. 8.]]"
lamar patterson,"[[0. 0.]
 [0. 3.]]"
patrick patterson,"[[ 0.  0.]
 [ 0. 54.]]"
chris paul,"[[  6.   4.]
 [ 15. 133.]]"
adreian payne,"[[0. 0.]
 [0. 9.]]"
cameron payne,"[[  1.   1.]
 [  0. 122.]]"
elfrid payton,"[[ 0.  0.]
 [ 2. 86.]]"
gary payton,"[[ 0.  0.]
 [ 0. 84.]]"
gary payton ii,"[[ 0.  0.]
 [ 0. 84.]]"
oleksiy pecherov,"[[ 0.  0.]
 [ 0. 14.]]"
reggie perry,"[[0. 0.]
 [0. 4.]]"
julian phillips,"[[0. 0.]
 [0. 1.]]"
jalen pickett,"[[0. 0.]
 [0. 1.]]"
theo pinson,"[[ 0.  0.]
 [ 1. 53.]]"
zoran planinic,"[[0. 0.]
 [0. 1.]]"
mason plumlee,"[[  0.   0.]
 [  0. 142.]]"
jakob poeltl,"[[  0.   0.]
 [  2. 158.]]"
aleksej pokusevski,"[[ 1.  1.]
 [ 1. 75.]]"
jordan poole,"[[ 10.   6.]
 [  6. 151.]]"
kevin porter,"[[ 0.  0.]
 [ 0. 96.]]"
kevin porter jr.,"[[ 0.  0.]
 [ 0. 96.]]"
michael porter jr.,"[[  0.   1.]
 [  0. 125.]]"
otto porter jr.,"[[ 0.  0.]
 [ 0. 64.]]"
bobby portis,"[[  1.   1.]
 [  2. 168.]]"
kristaps porzingis,"[[  6.   5.]
 [  1. 134.]]"
dwight powell,"[[  0.   0.]
 [  0. 155.]]"
kasib powell,"[[0. 0.]
 [0. 6.]]"
norman powell,"[[  5.   2.]
 [  3. 131.]]"
alex poythress,"[[0. 0.]
 [0. 2.]]"
phil pressey,"[[0. 0.]
 [0. 1.]]"
joshua primo,"[[0. 0.]
 [0. 2.]]"
taurean prince,"[[  0.   1.]
 [  0. 144.]]"
payton pritchard,"[[  1.   0.]
 [  0. 120.]]"
trevelin queen,"[[0. 0.]
 [0. 1.]]"
chris quinn,"[[ 2.  2.]
 [ 0. 40.]]"
miroslav raduljica,"[[0. 0.]
 [0. 1.]]"
chasson randle,"[[ 0.  0.]
 [ 1. 25.]]"
julius randle,"[[ 35.  20.]
 [ 10. 111.]]"
anthony randolph,"[[ 0.  0.]
 [ 1. 96.]]"
austin reaves,"[[ 0.  0.]
 [ 0. 92.]]"
cam reddish,"[[  1.   0.]
 [  0. 107.]]"
davon reed,"[[ 0.  0.]
 [ 0. 46.]]"
justin reed,"[[0. 0.]
 [0. 2.]]"
paul reed,"[[ 0.  0.]
 [ 2. 95.]]"
naz reid,"[[  0.   0.]
 [  0. 146.]]"
nick richards,"[[ 0.  0.]
 [ 0. 89.]]"
josh richardson,"[[  1.   1.]
 [  0. 147.]]"
austin rivers,"[[  0.   1.]
 [  0. 167.]]"
andre roberson,"[[ 0.  0.]
 [ 1. 24.]]"
brian roberts,"[[ 2.  1.]
 [ 2. 89.]]"
lawrence roberts,"[[ 0.  0.]
 [ 0. 15.]]"
bernard robinson,"[[ 0.  0.]
 [ 0. 26.]]"
clifford robinson,"[[ 2.  2.]
 [ 1. 26.]]"
duncan robinson,"[[  0.   3.]
 [  6. 174.]]"
eddie robinson,"[[ 0.  0.]
 [ 0. 12.]]"
glenn robinson,"[[ 0.  0.]
 [ 0. 45.]]"
glenn robinson iii,"[[ 0.  0.]
 [ 0. 45.]]"
jerome robinson,"[[ 0.  0.]
 [ 0. 43.]]"
justin robinson,"[[ 0.  0.]
 [ 0. 41.]]"
mitchell robinson,"[[  0.   0.]
 [  2. 129.]]"
orlando robinson,"[[ 0.  0.]
 [ 0. 67.]]"
thomas robinson,"[[ 0.  0.]
 [ 0. 13.]]"
jeremiah robinson-earl,"[[  0.   0.]
 [  0. 112.]]"
isaiah roby,"[[  1.   0.]
 [  1. 137.]]"
david roddy,"[[ 0.  0.]
 [ 1. 62.]]"
ryan rollins,"[[ 0.  0.]
 [ 0. 70.]]"
rajon rondo,"[[ 1.  0.]
 [ 1. 69.]]"
derrick rose,"[[ 1.  0.]
 [ 2. 91.]]"
terrence ross,"[[  2.   2.]
 [  1. 127.]]"
brandon roy,"[[0. 0.]
 [0. 1.]]"
terry rozier,"[[ 20.   8.]
 [ 11. 123.]]"
ricky rubio,"[[ 3.  1.]
 [ 2. 98.]]"
damjan rudez,"[[ 0.  0.]
 [ 1. 53.]]"
rayan rupert,"[[0. 0.]
 [0. 1.]]"
brandon rush,"[[ 2.  2.]
 [ 3. 65.]]"
bryon russell,"[[ 0.  0.]
 [ 0. 11.]]"
d'angelo russell,"[[  6.   4.]
 [  8. 116.]]"
walker russell,"[[ 0.  0.]
 [ 0. 15.]]"
matt ryan,"[[ 0.  0.]
 [ 0. 12.]]"
domantas sabonis,"[[ 16.  10.]
 [ 21. 113.]]"
jakarr sampson,"[[ 0.  0.]
 [ 0. 25.]]"
jermaine samuels,"[[0. 0.]
 [0. 1.]]"
dario saric,"[[  0.   2.]
 [  0. 117.]]"
olivier sarr,"[[ 0.  0.]
 [ 0. 21.]]"
jeryl sasser,"[[0. 0.]
 [0. 3.]]"
marcus sasser,"[[ 0.  0.]
 [ 0. 26.]]"
tomas satoransky,"[[ 0.  0.]
 [ 0. 88.]]"
kenny satterfield,"[[0. 0.]
 [0. 2.]]"
predrag savovic,"[[0. 0.]
 [0. 2.]]"
brian scalabrine,"[[ 0.  0.]
 [ 0. 34.]]"
jordan schakel,"[[0. 0.]
 [0. 2.]]"
admiral schofield,"[[ 0.  0.]
 [ 0. 69.]]"
dennis schroder,"[[  6.   2.]
 [  8. 213.]]"
luis scola,"[[ 16.  15.]
 [ 17. 248.]]"
mike scott,"[[  0.   0.]
 [  1. 128.]]"
tre scott,"[[0. 0.]
 [0. 1.]]"
jay scrubb,"[[ 0.  0.]
 [ 0. 12.]]"
dereon seabron,"[[0. 0.]
 [0. 4.]]"
thabo sefolosha,"[[  3.   6.]
 [  4. 127.]]"
josh selby,"[[0. 0.]
 [0. 7.]]"
wayne selden,"[[0. 0.]
 [1. 1.]]"
alperen sengun,"[[ 3.  1.]
 [ 3. 98.]]"
ansu sesay,"[[0. 0.]
 [0. 5.]]"
collin sexton,"[[  7.   6.]
 [  7. 106.]]"
landry shamet,"[[  0.   1.]
 [  1. 131.]]"
day'ron sharpe,"[[ 0.  0.]
 [ 0. 71.]]"
shaedon sharpe,"[[ 2.  1.]
 [ 1. 21.]]"
ben sheppard,"[[0. 0.]
 [0. 1.]]"
iman shumpert,"[[0. 0.]
 [0. 6.]]"
alexey shved,"[[ 0.  0.]
 [ 1. 37.]]"
pascal siakam,"[[35. 16.]
 [15. 97.]]"
ben simmons,"[[ 1.  1.]
 [ 8. 75.]]"
bobby simmons,"[[ 0.  0.]
 [ 0. 56.]]"
anfernee simons,"[[  8.   1.]
 [  5. 133.]]"
zavier simpson,"[[0. 1.]
 [0. 0.]]"
jericho sims,"[[ 0.  0.]
 [ 0. 60.]]"
chris singleton,"[[ 2.  0.]
 [ 0. 13.]]"
deividas sirvydis,"[[0. 0.]
 [0. 3.]]"
brian skinner,"[[ 0.  0.]
 [ 5. 47.]]"
marcus smart,"[[  0.   1.]
 [  5. 115.]]"
charles smith,"[[0. 0.]
 [0. 2.]]"
craig smith,"[[ 2.  0.]
 [ 0. 41.]]"
dennis smith jr.,"[[ 0.  0.]
 [ 0. 92.]]"
donta smith,"[[0. 0.]
 [0. 2.]]"
dru smith,"[[0. 0.]
 [0. 2.]]"
ish smith,"[[  1.   0.]
 [  1. 140.]]"
jabari smith,"[[ 0.  0.]
 [ 0. 27.]]"
jabari smith jr.,"[[ 0.  0.]
 [ 0. 27.]]"
jalen smith,"[[ 0.  0.]
 [ 0. 98.]]"
tony snell,"[[ 0.  0.]
 [ 0. 81.]]"
jeremy sochan,"[[ 0.  0.]
 [ 1. 40.]]"
omari spellman,"[[0. 0.]
 [0. 6.]]"
jaden springer,"[[0. 0.]
 [0. 1.]]"
cassius stanley,"[[0. 0.]
 [0. 3.]]"
nik stauskas,"[[0. 0.]
 [0. 7.]]"
lance stephenson,"[[ 0.  0.]
 [ 0. 29.]]"
lamar stevens,"[[  0.   1.]
 [  0. 103.]]"
isaiah stewart,"[[  0.   0.]
 [  0. 115.]]"
damon stoudamire,"[[0. 0.]
 [2. 9.]]"
salim stoudamire,"[[0. 0.]
 [0. 4.]]"
amar'e stoudemire,"[[ 16.  11.]
 [  6. 101.]]"
max strus,"[[  3.   1.]
 [  3. 131.]]"
jalen suggs,"[[ 0.  0.]
 [ 3. 84.]]"
edmond sumner,"[[ 0.  0.]
 [ 1. 57.]]"
bruno sundov,"[[0. 0.]
 [0. 3.]]"
bob sura,"[[0. 0.]
 [0. 6.]]"
caleb swanigan,"[[0. 0.]
 [0. 1.]]"
craig sword,"[[0. 0.]
 [0. 2.]]"
keifer sykes,"[[0. 0.]
 [0. 7.]]"
yuta tabuse,"[[0. 0.]
 [0. 1.]]"
chris taft,"[[ 0.  0.]
 [ 0. 11.]]"
jae'sean tate,"[[  0.   0.]
 [  1. 109.]]"
jayson tatum,"[[53. 24.]
 [10. 75.]]"
jeff taylor,"[[ 0.  0.]
 [ 0. 14.]]"
mike taylor,"[[0. 0.]
 [0. 6.]]"
terry taylor,"[[0. 0.]
 [0. 2.]]"
jeff teague,"[[ 1.  0.]
 [ 0. 59.]]"
garrett temple,"[[  0.   0.]
 [  0. 115.]]"
dalen terry,"[[0. 0.]
 [0. 1.]]"
jon teske,"[[0. 0.]
 [0. 1.]]"
daniel theis,"[[  0.   0.]
 [  0. 117.]]"
brodric thomas,"[[0. 0.]
 [0. 1.]]"
cam thomas,"[[1. 1.]
 [0. 4.]]"
isaiah thomas,"[[ 0.  0.]
 [ 0. 36.]]"
james thomas,"[[0. 0.]
 [0. 2.]]"
khyri thomas,"[[0. 0.]
 [0. 2.]]"
lance thomas,"[[0. 0.]
 [0. 4.]]"
matt thomas,"[[ 0.  0.]
 [ 0. 60.]]"
amen thompson,"[[0. 0.]
 [0. 4.]]"
ausar thompson,"[[ 0.  0.]
 [ 0. 29.]]"
klay thompson,"[[ 7.  0.]
 [ 5. 69.]]"
tristan thompson,"[[  1.   0.]
 [  1. 113.]]"
jt thor,"[[ 0.  0.]
 [ 0. 73.]]"
al thornton,"[[ 1.  0.]
 [ 3. 35.]]"
sindarius thornwell,"[[ 0.  0.]
 [ 0. 10.]]"
matisse thybulle,"[[  0.   0.]
 [  0. 178.]]"
xavier tillman sr.,"[[ 0.  0.]
 [ 0. 97.]]"
anthony tolliver,"[[  0.   1.]
 [  1. 145.]]"
obi toppin,"[[  1.   0.]
 [  1. 131.]]"
juan toscano-anderson,"[[  0.   0.]
 [  0. 105.]]"
karl-anthony towns,"[[18.  8.]
 [ 9. 89.]]"
gary trent,"[[  0.   0.]
 [  0. 162.]]"
gary trent jr.,"[[  0.   0.]
 [  0. 162.]]"
allonzo trier,"[[0. 0.]
 [0. 1.]]"
evan turner,"[[0. 0.]
 [0. 9.]]"
myles turner,"[[  2.   1.]
 [  2. 132.]]"
beno udrih,"[[  0.   0.]
 [  3. 107.]]"
roko ukic,"[[0. 0.]
 [0. 8.]]"
jonas valanciunas,"[[  3.   4.]
 [  6. 171.]]"
denzel valentine,"[[ 0.  0.]
 [ 0. 57.]]"
fred vanvleet,"[[ 15.  10.]
 [  9. 123.]]"
jarred vanderbilt,"[[  0.   0.]
 [  0. 125.]]"
anderson varejao,"[[ 0.  0.]
 [ 0. 50.]]"
devin vassell,"[[  2.   2.]
 [  1. 119.]]"
jan vesely,"[[0. 0.]
 [0. 1.]]"
sasha vezenkov,"[[0. 0.]
 [0. 4.]]"
charlie villanueva,"[[ 14.   2.]
 [  4. 152.]]"
gabe vincent,"[[  1.   0.]
 [  3. 102.]]"
noah vonleh,"[[ 0.  0.]
 [ 0. 29.]]"
jackson vroman,"[[0. 0.]
 [0. 2.]]"
nikola vucevic,"[[  9.   6.]
 [  9. 150.]]"
dean wade,"[[  0.   0.]
 [  1. 120.]]"
franz wagner,"[[ 1.  1.]
 [ 9. 86.]]"
moritz wagner,"[[  0.   1.]
 [  0. 145.]]"
dion waiters,"[[0. 0.]
 [0. 8.]]"
antoine walker,"[[ 4.  2.]
 [ 3. 16.]]"
jabari walker,"[[ 0.  0.]
 [ 0. 28.]]"
jarace walker,"[[0. 0.]
 [0. 1.]]"
kemba walker,"[[ 6.  0.]
 [ 1. 65.]]"
lonnie walker iv,"[[  0.   0.]
 [  1. 143.]]"
m.j. walker,"[[0. 0.]
 [0. 2.]]"
john wall,"[[ 3.  2.]
 [ 0. 25.]]"
ben wallace,"[[  8.   7.]
 [  6. 174.]]"
cason wallace,"[[ 0.  0.]
 [ 0. 34.]]"
tyrone wallace,"[[ 0.  0.]
 [ 0. 11.]]"
brad wanamaker,"[[ 0.  0.]
 [ 0. 73.]]"
charlie ward,"[[ 0.  0.]
 [ 0. 11.]]"
yuta watanabe,"[[ 1.  0.]
 [ 0. 92.]]"
lindy waters iii,"[[0. 0.]
 [0. 2.]]"
peyton watson,"[[ 0.  0.]
 [ 0. 10.]]"
clarence weatherspoon,"[[0. 0.]
 [0. 9.]]"
chris webber,"[[ 2.  0.]
 [ 0. 19.]]"
briante weber,"[[0. 0.]
 [0. 6.]]"
bonzi wells,"[[ 0.  2.]
 [ 0. 32.]]"
victor wembanyama,"[[ 1.  0.]
 [ 0. 14.]]"
russell westbrook,"[[ 10.   6.]
 [ 12. 140.]]"
coby white,"[[  4.   1.]
 [  7. 156.]]"
derrick white,"[[  0.   1.]
 [  4. 164.]]"
hassan whiteside,"[[ 0.  1.]
 [ 0. 87.]]"
cam whitmore,"[[0. 0.]
 [0. 1.]]"
chris whitney,"[[0. 0.]
 [0. 5.]]"
aaron wiggins,"[[0. 0.]
 [0. 2.]]"
andrew wiggins,"[[  3.   4.]
 [  8. 163.]]"
chris wilcox,"[[ 0.  0.]
 [ 3. 65.]]"
damien wilkins,"[[ 0.  0.]
 [ 0. 82.]]"
aaron williams,"[[ 0.  0.]
 [ 0. 18.]]"
alvin williams,"[[0. 0.]
 [0. 6.]]"
brandon williams,"[[0. 0.]
 [0. 2.]]"
frank williams,"[[0. 0.]
 [2. 0.]]"
grant williams,"[[  0.   0.]
 [  1. 159.]]"
jalen williams,"[[ 0.  0.]
 [ 1. 10.]]"
jay williams,"[[0. 1.]
 [0. 3.]]"
jeenathan williams,"[[0. 0.]
 [0. 4.]]"
johnathan williams,"[[0. 0.]
 [0. 4.]]"
kenrich williams,"[[  0.   0.]
 [  0. 136.]]"
lou williams,"[[ 1.  0.]
 [ 1. 97.]]"
marcus williams,"[[0. 0.]
 [0. 2.]]"
mark williams,"[[0. 0.]
 [0. 5.]]"
marvin williams,"[[ 0.  0.]
 [ 0. 33.]]"
patrick williams,"[[  0.   0.]
 [  0. 108.]]"
robert williams,"[[ 0.  0.]
 [ 0. 93.]]"
ron williams,"[[ 0.  0.]
 [ 0. 18.]]"
ziaire williams,"[[ 0.  0.]
 [ 0. 11.]]"
corliss williamson,"[[ 0.  0.]
 [ 0. 27.]]"
zion williamson,"[[11.  9.]
 [ 5. 65.]]"
justise winslow,"[[ 0.  1.]
 [ 0. 61.]]"
james wiseman,"[[ 0.  0.]
 [ 1. 63.]]"
christian wood,"[[  3.   3.]
 [  1. 146.]]"
antoine wright,"[[ 0.  0.]
 [ 2. 28.]]"
brandan wright,"[[ 0.  0.]
 [ 0. 94.]]"
delon wright,"[[  1.   0.]
 [  2. 154.]]"
vincent yarbrough,"[[0. 0.]
 [0. 2.]]"
joe young,"[[0. 0.]
 [0. 1.]]"
thaddeus young,"[[  0.   1.]
 [  0. 131.]]"
trae young,"[[45. 25.]
 [16. 79.]]"
cody zeller,"[[  1.   1.]
 [  2. 167.]]"
tyler zeller,"[[0. 0.]
 [0. 1.]]"
ivica zubac,"[[  0.   0.]
 [  1. 182.]]"
